term,score,subreddit
questions,0.31581059319916915,fitness
thread,0.29523971987113784,fitness
rfitness,0.19868053492458637,fitness
search,0.16263770552057405,fitness
daily,0.1408340185971592,fitness
post,0.13946322436514688,fitness
fitness,0.13927661238834385,fitness
sure,0.12363311944288276,fitness
questions thread,0.11836287186996634,fitness
also,0.11603466908019598,fitness
permitted rfitness,0.10479118919314688,fitness
permitted,0.10479118919314688,fitness
simple,0.09433431893395815,fitness
simple questions,0.09388934573143948,fitness
routine,0.09388934573143948,fitness
make sure,0.09388934573143948,fitness
daily simple,0.09388934573143948,fitness
medical,0.09388934573143948,fitness
question,0.0909970199150681,fitness
type,0.07455979418386399,fitness
snatch,0.5437873996432094,weightlifting
clean,0.3243644138222653,weightlifting
jerk,0.25758350509415184,weightlifting
squat,0.21947481704020316,weightlifting
campj,0.16854229345666727,weightlifting
back,0.16743439650489728,weightlifting
weightlifting,0.12402168763792495,weightlifting
year,0.12402168763792495,weightlifting
back squat,0.11766160109239035,weightlifting
front,0.11766160109239035,weightlifting
amp,0.11130151454685573,weightlifting
total,0.11130151454685573,weightlifting
front squat,0.10176138472855381,weightlifting
clean jerk,0.0985813414557865,weightlifting
first,0.09276770617163227,weightlifting
hit,0.09050507919183635,weightlifting
clean amp,0.08904121163748459,weightlifting
world,0.08597982523224454,weightlifting
amp jerk,0.08586116836471729,weightlifting
finally,0.08268112509194997,weightlifting
